accuracy,failures
0.900098,1
0.8999899999999998,1
0.8999827999999999,1
0.9000619999999999,1
1.0,0
1.0,0
1.0,0
1.0,0
1.0,0
0.8000639999999998,2
0.9000379999999999,1
0.9799804000000001,1
0.9799804000000001,1
1.0,0
1.0,0
1.0,0
1.0,0
0.8000927999999998,2
0.9000788,1
0.8999827999999999,1
0.9000931999999999,1
0.9799804000000001,1
0.8000951999999999,2
0.9000691999999999,1
0.8000351999999997,2
0.9799804000000001,1
1.0,0
1.0,0
1.0,0
0.8999995999999999,1
