accuracy,failures
0.9000499999999999,1
1.0,0
0.8999875999999999,1
1.0,0
0.9799804000000001,1
0.9000596,1
0.9799804000000001,1
0.8800736,2
1.0,0
0.8999923999999999,1
0.8999851999999998,1
0.8000663999999998,2
1.0,0
0.7001619999999997,3
0.9000739999999999,1
0.8999971999999998,1
0.8000855999999998,2
0.8999995999999999,1
1.0,0
0.9000716,1
0.9000523999999999,1
0.8001047999999998,2
0.8001503999999999,2
0.9000404,1
1.0,0
1.0,0
0.7001187999999997,3
0.9000235999999999,1
1.0,0
1.0,0
