accuracy,failures
0.9200288,4
0.840056,8
0.7799716000000001,11
0.8799968,6
0.9599720000000002,2
0.8799784000000002,6
0.8800328000000001,6
0.8199612000000001,9
0.9400252,3
0.9400084,3
0.9400116000000001,3
0.9399836000000001,3
0.9600272,2
0.8799840000000002,6
0.9399780000000001,3
0.8600044000000001,7
0.8599908,7
0.9400204,3
0.8600428,7
0.8200068,9
0.8999940000000002,5
0.9399988,3
0.9200056,4
0.8400032,8
0.8000616,10
0.7599712000000001,12
0.8600148000000001,7
0.9200184,4
0.860006,7
0.9000076,5
