accuracy,failures
0.940022,3
0.9000348,5
0.9800004,1
0.8999604000000001,5
0.8799880000000001,6
0.9000476,5
0.920056,4
0.940006,3
0.8200156,9
0.9200119999999999,4
0.9200288,4
0.8800152,6
0.9400044,3
0.9399836,3
0.8399776,8
0.920004,4
0.8600324,7
0.8600212,7
0.9399852000000001,3
0.8800416,6
0.8599388,7
0.9200383999999999,4
0.8800024000000001,6
0.8600108,7
0.8799952000000001,6
0.8600228000000001,7
0.9000324,5
0.9399836,3
0.9600032,2
0.8799904000000001,6
