accuracy,failures
1.0,0
0.8001575999999999,2
0.9000739999999999,1
0.9000644,1
0.8000903999999999,2
1.0,0
1.0,0
1.0,0
0.9000619999999999,1
0.8000207999999998,2
0.9000499999999999,1
1.0,0
0.9000427999999999,1
0.6001399999999998,4
0.9000259999999999,1
0.9000283999999998,1
0.8001311999999998,2
0.9000211999999999,1
0.9000931999999999,1
0.9000619999999999,1
0.8999971999999998,1
0.8800424,2
1.0,0
0.9000571999999999,1
1.0,0
0.7800755999999999,3
1.0,0
1.0,0
0.7001571999999998,3
1.0,0
