accuracy,failures
0.9016338779593198,1
0.9009136378792931,1
0.6024941647215739,4
0.7005401800600195,3
0.9003934644881628,1
0.8999933311103702,1
0.9011537179059687,1
0.8014671557185729,2
0.9006335445148383,1
1.0,0
0.8999933311103702,1
1.0,0
1.0,0
0.9012337445815272,1
1.0,0
0.8015071690563522,2
0.8998332777592531,1
1.0,0
0.7008602867622538,3
0.8997132377459154,1
0.8025475158386128,2
0.8998732910970324,1
0.9013537845948649,1
1.0,0
0.7012604201400465,3
1.0,0
1.0,0
0.9015138379459819,1
1.0,0
1.0,0
