accuracy,failures
0.8001867289096366,2
0.7009803267755914,3
0.8005068356118706,2
0.9011937312437479,1
1.0,0
0.9015538512837612,1
0.8004268089363122,2
0.9010736912304101,1
1.0,0
0.5034878292764254,5
0.9011937312437479,1
0.9016338779593198,1
0.900433477825942,1
0.9014338112704234,1
0.8997532510836946,1
1.0,0
0.8016672224074692,2
1.0,0
1.0,0
0.8998332777592531,1
1.0,0
0.9004734911637212,1
0.9004734911637212,1
1.0,0
0.9015138379459819,1
1.0,0
1.0,0
1.0,0
0.9796732244081361,1
1.0,0
