accuracy,failures
1.0,0
0.9794615384615385,1
1.0,0
0.8999230769230769,1
1.0,0
1.0,0
0.8018241758241758,2
0.9022967032967033,1
0.8997252747252747,1
1.0,0
0.9013076923076923,1
0.9000549450549451,1
0.9018351648351648,1
0.9015054945054944,1
0.9017032967032966,1
1.0,0
1.0,0
1.0,0
0.9006483516483517,1
1.0,0
1.0,0
0.9017032967032966,1
1.0,0
0.8996593406593406,1
1.0,0
0.9001868131868132,1
1.0,0
1.0,0
0.9000549450549451,1
0.9013076923076923,1
