accuracy,failures
0.901967032967033,1
0.8808351648351648,2
1.0,0
0.6003516483516482,4
0.9794615384615385,1
0.9015714285714286,1
1.0,0
0.8996593406593406,1
1.0,0
0.9004505494505495,1
0.8998571428571428,1
1.0,0
0.899989010989011,1
1.0,0
0.6854945054945053,4
0.8997912087912088,1
0.9015054945054944,1
1.0,0
0.9026923076923077,1
0.8047252747252747,2
0.9024945054945055,1
1.0,0
1.0,0
1.0,0
1.0,0
1.0,0
0.9019010989010989,1
1.0,0
0.9006483516483517,1
0.9002527472527473,1
