accuracy,failures
1.0,0
0.8023516483516483,2
0.8016923076923077,2
0.9005824175824175,1
0.8818241758241758,2
1.0,0
1.0,0
1.0,0
1.0,0
1.0,0
0.8998571428571428,1
0.801098901098901,2
1.0,0
0.9018351648351648,1
1.0,0
0.9022307692307692,1
0.8997912087912088,1
1.0,0
1.0,0
0.9003846153846153,1
1.0,0
1.0,0
0.9013076923076923,1
0.803076923076923,2
1.0,0
1.0,0
0.8995274725274724,1
1.0,0
0.8999230769230769,1
1.0,0
